{
  "И": 0.016786570743405275,
  "7": 0.10191846522781775,
  "у": 0.025179856115107913,
  "О": 0.12589928057553956,
  "П": 0.05875299760191847,
  "Ё": 0.07194244604316546,
  "Х": 0.0407673860911271,
  "Q": 0.07793764988009592,
  "U": 0.05515587529976019,
  "=": 0.03477218225419664,
  "<": 0.016786570743405275,
  "Ж": 0.06594724220623502,
  "N": 0.009592326139088728,
  "R": 0.007194244604316547,
  "9": 0.009592326139088728,
  "Я": 0.05875299760191847,
  "Д": 0.023980815347721823,
  "Т": 0.02877697841726619,
  "i": 0.007194244604316547,
  "Z": 0.008393285371702638,
  "1": 0.03477218225419664,
  "Р": 0.023980815347721823,
  "%": 0.013189448441247002,
  "Y": 0.008393285371702638,
  "К": 0.026378896882494004,
  "Й": 0.009592326139088728,
  "ю": 0.016786570743405275,
  "3": 0.007194244604316547,
  "s": 0.008393285371702638,
  "F": 0.0035971223021582736,
  "г": 0.001199040767386091,
  "G": 0.001199040767386091
}